Points_0,Points_1,Points_2,velocity_0,velocity_1,velocity_2,velocity_Magnitude
0,0,0.02565,0,0,0,0
5.0625e-05,0,0.02565,0,0,0,0
0.00010125,0,0.02565,0,0,0,0
0.000151875,0,0.02565,0,0,0,0
0.0002025,0,0.02565,0,0,0,0
0.000253125,0,0.02565,0,0,0,0
0.00030375,0,0.02565,0,0,0,0
0.000354375,0,0.02565,0,0,0,0
0.000405,0,0.02565,0,0,0,0
0.000455625,0,0.02565,0,0,0,0
0.00050625,0,0.02565,0,0,0,0
0.000556875,0,0.02565,0,0,0,0
0.0006075,0,0.02565,0,0,0,0
0.000658125,0,0.02565,0,0,0,0
0.00070875,0,0.02565,0,0,0,0
0.000759375,0,0.02565,0,0,0,0
0.00081,0,0.02565,0,0,0,0
0.000860625,0,0.02565,0,0,0,0
0.00091125,0,0.02565,0,0,0,0
0.000961875,0,0.02565,0,0,0,0
0.0010125,0,0.02565,0,0,0,0
0.00106312,0,0.02565,0,0,0,0
0.00111375,0,0.02565,0,0,0,0
0.00116437,0,0.02565,0,0,0,0
0.001215,0,0.02565,0,0,0,0
0.00126563,0,0.02565,0,0,0,0
0.00131625,0,0.02565,0,0,0,0
0.00136688,0,0.02565,0,0,0,0
0.0014175,0,0.02565,0,0,0,0
0.00146813,0,0.02565,0,0,0,0
0.00151875,0,0.02565,0,0,0,0
0.00156938,0,0.02565,0,0,0,0
0.00162,0,0.02565,0,0,0,0
0.00167063,0,0.02565,0,0,0,0
0.00172125,0,0.02565,0,0,0,0
0.00177187,0,0.02565,0,0,0,0
0.0018225,0,0.02565,0,0,0,0
0.00187312,0,0.02565,0,0,0,0
0.00192375,0,0.02565,0,0,0,0
0.00197437,0,0.02565,0,0,0,0
0.002025,0,0.02565,0,0,0,0
0.00207563,0,0.02565,0,0,0,0
0.00212625,0,0.02565,0,0,0,0
0.00217688,0,0.02565,0,0,0,0
0.0022275,0,0.02565,0,0,0,0
0.00227812,0,0.02565,0,0,0,0
0.00232875,0,0.02565,0,0,0,0
0.00237938,0,0.02565,0,0,0,0
0.00243,0,0.02565,0,0,0,0
0.00248062,0,0.02565,0,0,0,0
0.00253125,0,0.02565,0,0,0,0
0.00258188,0,0.02565,0,0,0,0
0.0026325,0,0.02565,0,0,0,0
0.00268312,0,0.02565,0,0,0,0
0.00273375,0,0.02565,0,0,0,0
0.00278438,0,0.02565,0,0,0,0
0.002835,0,0.02565,0,0,0,0
0.00288562,0,0.02565,0,0,0,0
0.00293625,0,0.02565,0,0,0,0
0.00298687,0,0.02565,0,0,0,0
0.0030375,0,0.02565,0,0,0,0
0.00308813,0,0.02565,0,0,0,0
0.00313875,0,0.02565,0,0,0,0
0.00318937,0,0.02565,0,0,0,0
0.00324,0,0.02565,0,0,0,0
0.00329063,0,0.02565,0,0,0,0
0.00334125,0,0.02565,0,0,0,0
0.00339187,0,0.02565,0,0,0,0
0.0034425,0,0.02565,0,0,0,0
0.00349313,0,0.02565,0,0,0,0
0.00354375,0,0.02565,0,0,0,0
0.00359437,0,0.02565,0,0,0,0
0.003645,0,0.02565,0,0,0,0
0.00369563,0,0.02565,0,0,0,0
0.00374625,0,0.02565,0,0,0,0
0.00379688,0,0.02565,0,0,0,0
0.0038475,0,0.02565,0,0,0,0
0.00389812,0,0.02565,0,0,0,0
0.00394875,0,0.02565,0,0,0,0
0.00399937,0,0.02565,0,0,0,0
0.00405,0,0.02565,0,0,0,0
0.00410062,0,0.02565,0,0,0,0
0.00415125,0,0.02565,0,0,0,0
0.00420188,0,0.02565,0,0,0,0
0.0042525,0,0.02565,0,0,0,0
0.00430313,0,0.02565,0,0,0,0
0.00435375,0,0.02565,0,0,0,0
0.00440437,0,0.02565,0,0,0,0
0.004455,0,0.02565,0,0,0,0
0.00450562,0,0.02565,0,0,0,0
0.00455625,0,0.02565,0,0,0,0
0.00460688,0,0.02565,0,0,0,0
0.0046575,0,0.02565,0,0,0,0
0.00470812,0,0.02565,0,0,0,0
0.00475875,0,0.02565,0,0,0,0
0.00480937,0,0.02565,0,0,0,0
0.00486,0,0.02565,0,0,0,0
0.00491063,0,0.02565,0,0,0,0
0.00496125,0,0.02565,0,0,0,0
0.00501188,0,0.02565,0,0,0,0
0.0050625,0,0.02565,0,0,0,0
0.00511312,0,0.02565,0,0,0,0
0.00516375,0,0.02565,0,0,0,0
0.00521437,0,0.02565,0,0,0,0
0.005265,0,0.02565,0,0,0,0
0.00531563,0,0.02565,0,0,0,0
0.00536625,0,0.02565,0,0,0,0
0.00541688,0,0.02565,0,0,0,0
0.0054675,0,0.02565,0,0,0,0
0.00551812,0,0.02565,0,0,0,0
0.00556875,0,0.02565,0,0,0,0
0.00561938,0,0.02565,0,0,0,0
0.00567,0,0.02565,0,0,0,0
0.00572063,0,0.02565,0,0,0,0
0.00577125,0,0.02565,0,0,0,0
0.00582187,0,0.02565,0,0,0,0
0.0058725,0,0.02565,0,0,0,0
0.00592312,0,0.02565,0,0,0,0
0.00597375,0,0.02565,0,0,0,0
0.00602438,0,0.02565,0,0,0,0
0.006075,0,0.02565,0,0,0,0
0.00612563,0,0.02565,0,0,0,0
0.00617625,0,0.02565,0,0,0,0
0.00622687,0,0.02565,0,0,0,0
0.0062775,0,0.02565,0,0,0,0
0.00632813,0,0.02565,0,0,0,0
0.00637875,0,0.02565,0,0,0,0
0.00642938,0,0.02565,0,0,0,0
0.00648,0,0.02565,0,0,0,0
0.00653062,0,0.02565,0,0,0,0
0.00658125,0,0.02565,0,0,0,0
0.00663187,0,0.02565,0,0,0,0
0.0066825,0,0.02565,0,0,0,0
0.00673313,0,0.02565,0,0,0,0
0.00678375,0,0.02565,0,0,0,0
0.00683438,0,0.02565,0,0,0,0
0.006885,0,0.02565,0,0,0,0
0.00693562,0,0.02565,0,0,0,0
0.00698625,0,0.02565,0,0,0,0
0.00703688,0,0.02565,0,0,0,0
0.0070875,0,0.02565,0,0,0,0
0.00713813,0,0.02565,0,0,0,0
0.00718875,0,0.02565,0,0,0,0
0.00723937,0,0.02565,0,0,0,0
0.00729,0,0.02565,0,0,0,0
0.00734062,0,0.02565,0,0,0,0
0.00739125,0,0.02565,0,0,0,0
0.00744188,0,0.02565,0,0,0,0
0.0074925,0,0.02565,0,0,0,0
0.00754313,0,0.02565,0,0,0,0
0.00759375,0,0.02565,0,0,0,0
0.00764437,0,0.02565,0,0,0,0
0.007695,0,0.02565,0,0,0,0
0.00774562,0,0.02565,0,0,0,0
0.00779625,0,0.02565,0,0,0,0
0.00784688,0,0.02565,0,0,0,0
0.0078975,0,0.02565,0,0,0,0
0.00794812,0,0.02565,0,0,0,0
0.00799875,0,0.02565,0,0,0,0
0.00804938,0,0.02565,0,0,0,0
0.0081,0,0.02565,0,0,0,0
0.00815063,0,0.02565,0,0,0,0
0.00820125,0,0.02565,0,0,0,0
0.00825187,0,0.02565,0,0,0,0
0.0083025,0,0.02565,0,0,0,0
0.00835313,0,0.02565,0,0,0,0
0.00840375,0,0.02565,0,0,0,0
0.00845437,0,0.02565,0,0,0,0
0.008505,0,0.02565,0,0,0,0
0.00855562,0,0.02565,0,0,0,0
0.00860625,0,0.02565,0,0,0,0
0.00865688,0,0.02565,0,0,0,0
0.0087075,0,0.02565,0,0,0,0
0.00875812,0,0.02565,0,0,0,0
0.00880875,0,0.02565,0,0,0,0
0.00885938,0,0.02565,0,0,0,0
0.00891,0,0.02565,0,0,0,0
0.00896063,0,0.02565,0,0,0,0
0.00901125,0,0.02565,0,0,0,0
0.00906187,0,0.02565,0,0,0,0
0.0091125,0,0.02565,0,0,0,0
0.00916313,0,0.02565,0,0,0,0
0.00921375,0,0.02565,0,0,0,0
0.00926438,0,0.02565,0,0,0,0
0.009315,0,0.02565,0,0,0,0
0.00936562,0,0.02565,0,0,0,0
0.00941625,0,0.02565,0,0,0,0
0.00946688,0,0.02565,0,0,0,0
0.0095175,0,0.02565,0,0,0,0
0.00956813,0,0.02565,0,0,0,0
0.00961875,0,0.02565,0,0,0,0
0.00966937,0,0.02565,0,0,0,0
0.00972,0,0.02565,0,0,0,0
0.00977063,0,0.02565,0,0,0,0
0.00982125,0,0.02565,0,0,0,0
0.00987187,0,0.02565,0,0,0,0
0.0099225,0,0.02565,0,0,0,0
0.00997312,0,0.02565,0,0,0,0
0.0100238,0,0.02565,0,0,0,0
0.0100744,0,0.02565,0,0,0,0
0.010125,0,0.02565,0,0,0,0
0.0101756,0,0.02565,0,0,0,0
0.0102262,0,0.02565,0,0,0,0
0.0102769,0,0.02565,0,0,0,0
0.0103275,0,0.02565,0,0,0,0
0.0103781,0,0.02565,0,0,0,0
0.0104287,0,0.02565,0,0,0,0
0.0104794,0,0.02565,0,0,0,0
0.01053,0,0.02565,0,0,0,0
0.0105806,0,0.02565,0,0,0,0
0.0106313,0,0.02565,0,0,0,0
0.0106819,0,0.02565,0,0,0,0
0.0107325,0,0.02565,0,0,0,0
0.0107831,0,0.02565,0,0,0,0
0.0108338,0,0.02565,0,0,0,0
0.0108844,0,0.02565,0,0,0,0
0.010935,0,0.02565,0,0,0,0
0.0109856,0,0.02565,0,0,0,0
0.0110362,0,0.02565,0,0,0,0
0.0110869,0,0.02565,0,0,0,0
0.0111375,0,0.02565,0,0,0,0
0.0111881,0,0.02565,0,0,0,0
0.0112388,0,0.02565,0,0,0,0
0.0112894,0,0.02565,0,0,0,0
0.01134,0,0.02565,0,0,0,0
0.0113906,0,0.02565,0,0,0,0
0.0114413,0,0.02565,0,0,0,0
0.0114919,0,0.02565,0,0,0,0
0.0115425,0,0.02565,0,0,0,0
0.0115931,0,0.02565,0,0,0,0
0.0116437,0,0.02565,0,0,0,0
0.0116944,0,0.02565,0,0,0,0
0.011745,0,0.02565,0,0,0,0
0.0117956,0,0.02565,0,0,0,0
0.0118462,0,0.02565,0,0,0,0
0.0118969,0,0.02565,0,0,0,0
0.0119475,0,0.02565,0,0,0,0
0.0119981,0,0.02565,0,-4.59397e-06,0,4.59397e-06
0.0120488,0,0.02565,0,-1.23357e-05,0,1.23357e-05
0.0120994,0,0.02565,0,-2.00775e-05,0,2.00775e-05
0.01215,0,0.02565,0,-2.78193e-05,0,2.78193e-05
0.0122006,0,0.02565,0,-3.55611e-05,0,3.55611e-05
0.0122513,0,0.02565,0,-4.3303e-05,0,4.3303e-05
0.0123019,0,0.02565,0,-5.10448e-05,0,5.10448e-05
0.0123525,0,0.02565,0,-5.87866e-05,0,5.87866e-05
0.0124031,0,0.02565,0,-6.65284e-05,0,6.65284e-05
0.0124537,0,0.02565,0,-7.42701e-05,0,7.42701e-05
0.0125044,0,0.02565,0,-8.20119e-05,0,8.20119e-05
0.012555,0,0.02565,0,-8.97538e-05,0,8.97538e-05
0.0126056,0,0.02565,0,-9.74956e-05,0,9.74956e-05
0.0126563,0,0.02565,0,-0.000105237,0,0.000105237
0.0127069,0,0.02565,0,-0.000112979,0,0.000112979
0.0127575,0,0.02565,0,-0.000120721,0,0.000120721
0.0128081,0,0.02565,0,-0.000130272,0,0.000130272
0.0128588,0,0.02565,0,-0.000140187,0,0.000140187
0.0129094,0,0.02565,0,-0.000150101,0,0.000150101
0.01296,0,0.02565,0,-0.000160015,0,0.000160015
0.0130106,0,0.02565,0,-0.00016993,0,0.00016993
0.0130612,0,0.02565,0,-0.000179844,0,0.000179844
0.0131119,0,0.02565,0,-0.000189758,0,0.000189758
0.0131625,0,0.02565,0,-0.000199673,0,0.000199673
0.0132131,0,0.02565,0,-0.000209587,0,0.000209587
0.0132637,0,0.02565,0,-0.000219501,0,0.000219501
0.0133144,0,0.02565,0,-0.000229416,0,0.000229416
0.013365,0,0.02565,0,-0.00023933,0,0.00023933
0.0134156,0,0.02565,0,-0.000249244,0,0.000249244
0.0134663,0,0.02565,0,-0.000259159,0,0.000259159
0.0135169,0,0.02565,0,-0.000269073,0,0.000269073
0.0135675,0,0.02565,0,-0.000278936,0,0.000278936
0.0136181,0,0.02565,0,-0.000288143,0,0.000288143
0.0136688,0,0.02565,0,-0.00029735,0,0.00029735
0.0137194,0,0.02565,0,-0.000306557,0,0.000306557
0.01377,0,0.02565,0,-0.000315765,0,0.000315765
0.0138206,0,0.02565,0,-0.000324972,0,0.000324972
0.0138712,0,0.02565,0,-0.000334179,0,0.000334179
0.0139219,0,0.02565,0,-0.000343386,0,0.000343386
0.0139725,0,0.02565,0,-0.000352593,0,0.000352593
0.0140231,0,0.02565,0,-0.0003618,0,0.0003618
0.0140738,0,0.02565,0,-0.000371007,0,0.000371007
0.0141244,0,0.02565,0,-0.000380214,0,0.000380214
0.014175,0,0.02565,0,-0.000389421,0,0.000389421
0.0142256,0,0.02565,0,-0.000398629,0,0.000398629
0.0142763,0,0.02565,0,-0.000407836,0,0.000407836
0.0143269,0,0.02565,0,-0.000417043,0,0.000417043
0.0143775,0,0.02565,0,-0.000426029,0,0.000426029
0.0144281,0,0.02565,0,-0.000434529,0,0.000434529
0.0144787,0,0.02565,0,-0.000443029,0,0.000443029
0.0145294,0,0.02565,0,-0.000451529,0,0.000451529
0.01458,0,0.02565,0,-0.000460029,0,0.000460029
0.0146306,0,0.02565,0,-0.000468529,0,0.000468529
0.0146812,0,0.02565,0,-0.000477029,0,0.000477029
0.0147319,0,0.02565,0,-0.000485528,0,0.000485528
0.0147825,0,0.02565,0,-0.000494028,0,0.000494028
0.0148331,0,0.02565,0,-0.000502528,0,0.000502528
0.0148838,0,0.02565,0,-0.000511028,0,0.000511028
0.0149344,0,0.02565,0,-0.000519528,0,0.000519528
0.014985,0,0.02565,0,-0.000528028,0,0.000528028
0.0150356,0,0.02565,0,-0.000536528,0,0.000536528
0.0150863,0,0.02565,0,-0.000545028,0,0.000545028
0.0151369,0,0.02565,0,-0.000553528,0,0.000553528
0.0151875,0,0.02565,0,-0.000561637,0,0.000561637
0.0152381,0,0.02565,0,-0.00056943,0,0.00056943
0.0152887,0,0.02565,0,-0.000577223,0,0.000577223
0.0153394,0,0.02565,0,-0.000585016,0,0.000585016
0.01539,0,0.02565,0,-0.000592808,0,0.000592808
0.0154406,0,0.02565,0,-0.000600601,0,0.000600601
0.0154912,0,0.02565,0,-0.000608393,0,0.000608393
0.0155419,0,0.02565,0,-0.000616186,0,0.000616186
0.0155925,0,0.02565,0,-0.000623979,0,0.000623979
0.0156431,0,0.02565,0,-0.000631771,0,0.000631771
0.0156938,0,0.02565,0,-0.000639564,0,0.000639564
0.0157444,0,0.02565,0,-0.000647357,0,0.000647357
0.015795,0,0.02565,0,-0.000655149,0,0.000655149
0.0158456,0,0.02565,0,-0.000662942,0,0.000662942
0.0158962,0,0.02565,0,-0.000670735,0,0.000670735
0.0159469,0,0.02565,0,-0.000678527,0,0.000678527
0.0159975,0,0.02565,0,-0.00068576,0,0.00068576
0.0160481,0,0.02565,0,-0.000692846,0,0.000692846
0.0160988,0,0.02565,0,-0.000699932,0,0.000699932
0.0161494,0,0.02565,0,-0.000707017,0,0.000707017
0.0162,0,0.02565,0,-0.000714102,0,0.000714102
0.0162506,0,0.02565,0,-0.000721188,0,0.000721188
0.0163013,0,0.02565,0,-0.000728273,0,0.000728273
0.0163519,0,0.02565,0,-0.000735359,0,0.000735359
0.0164025,0,0.02565,0,-0.000742444,0,0.000742444
0.0164531,0,0.02565,0,-0.00074953,0,0.00074953
0.0165037,0,0.02565,0,-0.000756615,0,0.000756615
0.0165544,0,0.02565,0,-0.0007637,0,0.0007637
0.016605,0,0.02565,0,-0.000770786,0,0.000770786
0.0166556,0,0.02565,0,-0.000777872,0,0.000777872
0.0167063,0,0.02565,0,-0.000784957,0,0.000784957
0.0167569,0,0.02565,0,-0.000792021,0,0.000792021
0.0168075,0,0.02565,0,-0.000798399,0,0.000798399
0.0168581,0,0.02565,0,-0.000804777,0,0.000804777
0.0169087,0,0.02565,0,-0.000811155,0,0.000811155
0.0169594,0,0.02565,0,-0.000817533,0,0.000817533
0.01701,0,0.02565,0,-0.000823911,0,0.000823911
0.0170606,0,0.02565,0,-0.000830289,0,0.000830289
0.0171112,0,0.02565,0,-0.000836667,0,0.000836667
0.0171619,0,0.02565,0,-0.000843045,0,0.000843045
0.0172125,0,0.02565,0,-0.000849423,0,0.000849423
0.0172631,0,0.02565,0,-0.000855801,0,0.000855801
0.0173138,0,0.02565,0,-0.000862179,0,0.000862179
0.0173644,0,0.02565,0,-0.000868557,0,0.000868557
0.017415,0,0.02565,0,-0.000874935,0,0.000874935
0.0174656,0,0.02565,0,-0.000881313,0,0.000881313
0.0175162,0,0.02565,0,-0.000887691,0,0.000887691
0.0175669,0,0.02565,0,-0.000893878,0,0.000893878
0.0176175,0,0.02565,0,-0.000899549,0,0.000899549
0.0176681,0,0.02565,0,-0.00090522,0,0.00090522
0.0177188,0,0.02565,0,-0.000910891,0,0.000910891
0.0177694,0,0.02565,0,-0.000916562,0,0.000916562
0.01782,0,0.02565,0,-0.000922233,0,0.000922233
0.0178706,0,0.02565,0,-0.000927904,0,0.000927904
0.0179213,0,0.02565,0,-0.000933575,0,0.000933575
0.0179719,0,0.02565,0,-0.000939246,0,0.000939246
0.0180225,0,0.02565,0,-0.000944917,0,0.000944917
0.0180731,0,0.02565,0,-0.000950588,0,0.000950588
0.0181237,0,0.02565,0,-0.000956259,0,0.000956259
0.0181744,0,0.02565,0,-0.00096193,0,0.00096193
0.018225,0,0.02565,0,-0.000967601,0,0.000967601
0.0182756,0,0.02565,0,-0.000973272,0,0.000973272
0.0183263,0,0.02565,0,-0.000978943,0,0.000978943
0.0183769,0,0.02565,0,-0.000984253,0,0.000984253
0.0184275,0,0.02565,0,-0.000989217,0,0.000989217
0.0184781,0,0.02565,0,-0.000994181,0,0.000994181
0.0185288,0,0.02565,0,-0.000999145,0,0.000999145
0.0185794,0,0.02565,0,-0.00100411,0,0.00100411
0.01863,0,0.02565,0,-0.00100907,0,0.00100907
0.0186806,0,0.02565,0,-0.00101404,0,0.00101404
0.0187312,0,0.02565,0,-0.001019,0,0.001019
0.0187819,0,0.02565,0,-0.00102396,0,0.00102396
0.0188325,0,0.02565,0,-0.00102893,0,0.00102893
0.0188831,0,0.02565,0,-0.00103389,0,0.00103389
0.0189338,0,0.02565,0,-0.00103885,0,0.00103885
0.0189844,0,0.02565,0,-0.00104382,0,0.00104382
0.019035,0,0.02565,0,-0.00104878,0,0.00104878
0.0190856,0,0.02565,0,-0.00105375,0,0.00105375
0.0191363,0,0.02565,0,-0.00105871,0,0.00105871
0.0191869,0,0.02565,0,-0.00106314,0,0.00106314
0.0192375,0,0.02565,0,-0.0010674,0,0.0010674
0.0192881,0,0.02565,0,-0.00107166,0,0.00107166
0.0193387,0,0.02565,0,-0.00107591,0,0.00107591
0.0193894,0,0.02565,0,-0.00108017,0,0.00108017
0.01944,0,0.02565,0,-0.00108443,0,0.00108443
0.0194906,0,0.02565,0,-0.00108868,0,0.00108868
0.0195413,0,0.02565,0,-0.00109294,0,0.00109294
0.0195919,0,0.02565,0,-0.0010972,0,0.0010972
0.0196425,0,0.02565,0,-0.00110145,0,0.00110145
0.0196931,0,0.02565,0,-0.00110571,0,0.00110571
0.0197437,0,0.02565,0,-0.00110997,0,0.00110997
0.0197944,0,0.02565,0,-0.00111422,0,0.00111422
0.019845,0,0.02565,0,-0.00111848,0,0.00111848
0.0198956,0,0.02565,0,-0.00112274,0,0.00112274
0.0199462,0,0.02565,0,-0.00112699,0,0.00112699
0.0199969,0,0.02565,0,-0.00113055,0,0.00113055
0.0200475,0,0.02565,0,-0.0011341,0,0.0011341
0.0200981,0,0.02565,0,-0.00113765,0,0.00113765
0.0201488,0,0.02565,0,-0.0011412,0,0.0011412
0.0201994,0,0.02565,0,-0.00114475,0,0.00114475
0.02025,0,0.02565,0,-0.0011483,0,0.0011483
0.0203006,0,0.02565,0,-0.00115185,0,0.00115185
0.0203512,0,0.02565,0,-0.00115539,0,0.00115539
0.0204019,0,0.02565,0,-0.00115894,0,0.00115894
0.0204525,0,0.02565,0,-0.00116249,0,0.00116249
0.0205031,0,0.02565,0,-0.00116604,0,0.00116604
0.0205538,0,0.02565,0,-0.00116959,0,0.00116959
0.0206044,0,0.02565,0,-0.00117314,0,0.00117314
0.020655,0,0.02565,0,-0.00117669,0,0.00117669
0.0207056,0,0.02565,0,-0.00118024,0,0.00118024
0.0207563,0,0.02565,0,-0.00118363,0,0.00118363
0.0208069,0,0.02565,0,-0.00118647,0,0.00118647
0.0208575,0,0.02565,0,-0.00118931,0,0.00118931
0.0209081,0,0.02565,0,-0.00119215,0,0.00119215
0.0209587,0,0.02565,0,-0.001195,0,0.001195
0.0210094,0,0.02565,0,-0.00119784,0,0.00119784
0.02106,0,0.02565,0,-0.00120068,0,0.00120068
0.0211106,0,0.02565,0,-0.00120352,0,0.00120352
0.0211613,0,0.02565,0,-0.00120636,0,0.00120636
0.0212119,0,0.02565,0,-0.00120921,0,0.00120921
0.0212625,0,0.02565,0,-0.00121205,0,0.00121205
0.0213131,0,0.02565,0,-0.00121489,0,0.00121489
0.0213638,0,0.02565,0,-0.00121773,0,0.00121773
0.0214144,0,0.02565,0,-0.00122057,0,0.00122057
0.021465,0,0.02565,0,-0.00122342,0,0.00122342
0.0215156,0,0.02565,0,-0.00122626,0,0.00122626
0.0215662,0,0.02565,0,-0.00122877,0,0.00122877
0.0216169,0,0.02565,0,-0.0012309,0,0.0012309
0.0216675,0,0.02565,0,-0.00123304,0,0.00123304
0.0217181,0,0.02565,0,-0.00123517,0,0.00123517
0.0217688,0,0.02565,0,-0.00123731,0,0.00123731
0.0218194,0,0.02565,0,-0.00123944,0,0.00123944
0.02187,0,0.02565,0,-0.00124158,0,0.00124158
0.0219206,0,0.02565,0,-0.00124371,0,0.00124371
0.0219712,0,0.02565,0,-0.00124585,0,0.00124585
0.0220219,0,0.02565,0,-0.00124798,0,0.00124798
0.0220725,0,0.02565,0,-0.00125012,0,0.00125012
0.0221231,0,0.02565,0,-0.00125225,0,0.00125225
0.0221737,0,0.02565,0,-0.00125439,0,0.00125439
0.0222244,0,0.02565,0,-0.00125652,0,0.00125652
0.022275,0,0.02565,0,-0.00125866,0,0.00125866
0.0223256,0,0.02565,0,-0.00126079,0,0.00126079
0.0223763,0,0.02565,0,-0.00126243,0,0.00126243
0.0224269,0,0.02565,0,-0.00126386,0,0.00126386
0.0224775,0,0.02565,0,-0.00126528,0,0.00126528
0.0225281,0,0.02565,0,-0.00126671,0,0.00126671
0.0225787,0,0.02565,0,-0.00126814,0,0.00126814
0.0226294,0,0.02565,0,-0.00126957,0,0.00126957
0.02268,0,0.02565,0,-0.00127099,0,0.00127099
0.0227306,0,0.02565,0,-0.00127242,0,0.00127242
0.0227812,0,0.02565,0,-0.00127385,0,0.00127385
0.0228319,0,0.02565,0,-0.00127528,0,0.00127528
0.0228825,0,0.02565,0,-0.0012767,0,0.0012767
0.0229331,0,0.02565,0,-0.00127813,0,0.00127813
0.0229838,0,0.02565,0,-0.00127956,0,0.00127956
0.0230344,0,0.02565,0,-0.00128099,0,0.00128099
0.023085,0,0.02565,0,-0.00128242,0,0.00128242
0.0231356,0,0.02565,0,-0.00128384,0,0.00128384
0.0231862,0,0.02565,0,-0.0012846,0,0.0012846
0.0232369,0,0.02565,0,-0.00128532,0,0.00128532
0.0232875,0,0.02565,0,-0.00128604,0,0.00128604
0.0233381,0,0.02565,0,-0.00128676,0,0.00128676
0.0233888,0,0.02565,0,-0.00128748,0,0.00128748
0.0234394,0,0.02565,0,-0.0012882,0,0.0012882
0.02349,0,0.02565,0,-0.00128892,0,0.00128892
0.0235406,0,0.02565,0,-0.00128964,0,0.00128964
0.0235913,0,0.02565,0,-0.00129036,0,0.00129036
0.0236419,0,0.02565,0,-0.00129108,0,0.00129108
0.0236925,0,0.02565,0,-0.0012918,0,0.0012918
0.0237431,0,0.02565,0,-0.00129252,0,0.00129252
0.0237937,0,0.02565,0,-0.00129325,0,0.00129325
0.0238444,0,0.02565,0,-0.00129397,0,0.00129397
0.023895,0,0.02565,0,-0.00129469,0,0.00129469
0.0239456,0,0.02565,0,-0.00129527,0,0.00129527
0.0239963,0,0.02565,0,-0.00129529,0,0.00129529
0.0240469,0,0.02565,0,-0.0012953,0,0.0012953
0.0240975,0,0.02565,0,-0.00129531,0,0.00129531
0.0241481,0,0.02565,0,-0.00129533,0,0.00129533
0.0241988,0,0.02565,0,-0.00129534,0,0.00129534
0.0242494,0,0.02565,0,-0.00129535,0,0.00129535
0.0243,0,0.02565,0,-0.00129537,0,0.00129537
0.0243506,0,0.02565,0,-0.00129538,0,0.00129538
0.0244012,0,0.02565,0,-0.00129539,0,0.00129539
0.0244519,0,0.02565,0,-0.00129541,0,0.00129541
0.0245025,0,0.02565,0,-0.00129542,0,0.00129542
0.0245531,0,0.02565,0,-0.00129543,0,0.00129543
0.0246038,0,0.02565,0,-0.00129545,0,0.00129545
0.0246544,0,0.02565,0,-0.00129546,0,0.00129546
0.024705,0,0.02565,0,-0.00129547,0,0.00129547
0.0247556,0,0.02565,0,-0.00129518,0,0.00129518
0.0248062,0,0.02565,0,-0.00129449,0,0.00129449
0.0248569,0,0.02565,0,-0.0012938,0,0.0012938
0.0249075,0,0.02565,0,-0.0012931,0,0.0012931
0.0249581,0,0.02565,0,-0.00129241,0,0.00129241
0.0250087,0,0.02565,0,-0.00129171,0,0.00129171
0.0250594,0,0.02565,0,-0.00129102,0,0.00129102
0.02511,0,0.02565,0,-0.00129033,0,0.00129033
0.0251606,0,0.02565,0,-0.00128963,0,0.00128963
0.0252113,0,0.02565,0,-0.00128894,0,0.00128894
0.0252619,0,0.02565,0,-0.00128824,0,0.00128824
0.0253125,0,0.02565,0,-0.00128755,0,0.00128755
0.0253631,0,0.02565,0,-0.00128686,0,0.00128686
0.0254137,0,0.02565,0,-0.00128616,0,0.00128616
0.0254644,0,0.02565,0,-0.00128547,0,0.00128547
0.025515,0,0.02565,0,-0.00128477,0,0.00128477
0.0255656,0,0.02565,0,-0.00128361,0,0.00128361
0.0256163,0,0.02565,0,-0.00128221,0,0.00128221
0.0256669,0,0.02565,0,-0.00128081,0,0.00128081
0.0257175,0,0.02565,0,-0.00127941,0,0.00127941
0.0257681,0,0.02565,0,-0.001278,0,0.001278
0.0258188,0,0.02565,0,-0.0012766,0,0.0012766
0.0258694,0,0.02565,0,-0.0012752,0,0.0012752
0.02592,0,0.02565,0,-0.0012738,0,0.0012738
0.0259706,0,0.02565,0,-0.0012724,0,0.0012724
0.0260212,0,0.02565,0,-0.001271,0,0.001271
0.0260719,0,0.02565,0,-0.0012696,0,0.0012696
0.0261225,0,0.02565,0,-0.0012682,0,0.0012682
0.0261731,0,0.02565,0,-0.00126679,0,0.00126679
0.0262238,0,0.02565,0,-0.00126539,0,0.00126539
0.0262744,0,0.02565,0,-0.00126399,0,0.00126399
0.026325,0,0.02565,0,-0.00126259,0,0.00126259
0.0263756,0,0.02565,0,-0.00126055,0,0.00126055
0.0264263,0,0.02565,0,-0.00125844,0,0.00125844
0.0264769,0,0.02565,0,-0.00125633,0,0.00125633
0.0265275,0,0.02565,0,-0.00125422,0,0.00125422
0.0265781,0,0.02565,0,-0.00125212,0,0.00125212
0.0266287,0,0.02565,0,-0.00125001,0,0.00125001
0.0266794,0,0.02565,0,-0.0012479,0,0.0012479
0.02673,0,0.02565,0,-0.00124579,0,0.00124579
0.0267806,0,0.02565,0,-0.00124368,0,0.00124368
0.0268313,0,0.02565,0,-0.00124157,0,0.00124157
0.0268819,0,0.02565,0,-0.00123946,0,0.00123946
0.0269325,0,0.02565,0,-0.00123736,0,0.00123736
0.0269831,0,0.02565,0,-0.00123525,0,0.00123525
0.0270337,0,0.02565,0,-0.00123314,0,0.00123314
0.0270844,0,0.02565,0,-0.00123103,0,0.00123103
0.027135,0,0.02565,0,-0.00122882,0,0.00122882
0.0271856,0,0.02565,0,-0.001226,0,0.001226
0.0272362,0,0.02565,0,-0.00122319,0,0.00122319
0.0272869,0,0.02565,0,-0.00122037,0,0.00122037
0.0273375,0,0.02565,0,-0.00121756,0,0.00121756
0.0273881,0,0.02565,0,-0.00121474,0,0.00121474
0.0274388,0,0.02565,0,-0.00121193,0,0.00121193
0.0274894,0,0.02565,0,-0.00120911,0,0.00120911
0.02754,0,0.02565,0,-0.00120629,0,0.00120629
0.0275906,0,0.02565,0,-0.00120348,0,0.00120348
0.0276412,0,0.02565,0,-0.00120066,0,0.00120066
0.0276919,0,0.02565,0,-0.00119785,0,0.00119785
0.0277425,0,0.02565,0,-0.00119503,0,0.00119503
0.0277931,0,0.02565,0,-0.00119222,0,0.00119222
0.0278438,0,0.02565,0,-0.0011894,0,0.0011894
0.0278944,0,0.02565,0,-0.00118658,0,0.00118658
0.027945,0,0.02565,0,-0.0011835,0,0.0011835
0.0279956,0,0.02565,0,-0.00117997,0,0.00117997
0.0280463,0,0.02565,0,-0.00117645,0,0.00117645
0.0280969,0,0.02565,0,-0.00117293,0,0.00117293
0.0281475,0,0.02565,0,-0.0011694,0,0.0011694
0.0281981,0,0.02565,0,-0.00116588,0,0.00116588
0.0282487,0,0.02565,0,-0.00116236,0,0.00116236
0.0282994,0,0.02565,0,-0.00115884,0,0.00115884
0.02835,0,0.02565,0,-0.00115531,0,0.00115531
0.0284006,0,0.02565,0,-0.00115179,0,0.00115179
0.0284513,0,0.02565,0,-0.00114827,0,0.00114827
0.0285019,0,0.02565,0,-0.00114474,0,0.00114474
0.0285525,0,0.02565,0,-0.00114122,0,0.00114122
0.0286031,0,0.02565,0,-0.0011377,0,0.0011377
0.0286538,0,0.02565,0,-0.00113418,0,0.00113418
0.0287044,0,0.02565,0,-0.00113065,0,0.00113065
0.028755,0,0.02565,0,-0.00112669,0,0.00112669
0.0288056,0,0.02565,0,-0.00112246,0,0.00112246
0.0288562,0,0.02565,0,-0.00111823,0,0.00111823
0.0289069,0,0.02565,0,-0.001114,0,0.001114
0.0289575,0,0.02565,0,-0.00110977,0,0.00110977
0.0290081,0,0.02565,0,-0.00110554,0,0.00110554
0.0290588,0,0.02565,0,-0.00110131,0,0.00110131
0.0291094,0,0.02565,0,-0.00109708,0,0.00109708
0.02916,0,0.02565,0,-0.00109285,0,0.00109285
0.0292106,0,0.02565,0,-0.00108862,0,0.00108862
0.0292613,0,0.02565,0,-0.00108439,0,0.00108439
0.0293119,0,0.02565,0,-0.00108016,0,0.00108016
0.0293625,0,0.02565,0,-0.00107593,0,0.00107593
0.0294131,0,0.02565,0,-0.0010717,0,0.0010717
0.0294637,0,0.02565,0,-0.00106747,0,0.00106747
0.0295144,0,0.02565,0,-0.00106324,0,0.00106324
0.029565,0,0.02565,0,-0.0010584,0,0.0010584
0.0296156,0,0.02565,0,-0.00105346,0,0.00105346
0.0296663,0,0.02565,0,-0.00104852,0,0.00104852
0.0297169,0,0.02565,0,-0.00104358,0,0.00104358
0.0297675,0,0.02565,0,-0.00103865,0,0.00103865
0.0298181,0,0.02565,0,-0.00103371,0,0.00103371
0.0298687,0,0.02565,0,-0.00102877,0,0.00102877
0.0299194,0,0.02565,0,-0.00102383,0,0.00102383
0.02997,0,0.02565,0,-0.0010189,0,0.0010189
0.0300206,0,0.02565,0,-0.00101396,0,0.00101396
0.0300712,0,0.02565,0,-0.00100902,0,0.00100902
0.0301219,0,0.02565,0,-0.00100408,0,0.00100408
0.0301725,0,0.02565,0,-0.000999147,0,0.000999147
0.0302231,0,0.02565,0,-0.000994209,0,0.000994209
0.0302738,0,0.02565,0,-0.000989272,0,0.000989272
0.0303244,0,0.02565,0,-0.000984262,0,0.000984262
0.030375,0,0.02565,0,-0.000978617,0,0.000978617
0.0304256,0,0.02565,0,-0.000972973,0,0.000972973
0.0304762,0,0.02565,0,-0.000967328,0,0.000967328
0.0305269,0,0.02565,0,-0.000961683,0,0.000961683
0.0305775,0,0.02565,0,-0.000956039,0,0.000956039
0.0306281,0,0.02565,0,-0.000950394,0,0.000950394
0.0306788,0,0.02565,0,-0.00094475,0,0.00094475
0.0307294,0,0.02565,0,-0.000939105,0,0.000939105
0.03078,0,0.02565,0,-0.00093346,0,0.00093346
0.0308306,0,0.02565,0,-0.000927816,0,0.000927816
0.0308813,0,0.02565,0,-0.000922171,0,0.000922171
0.0309319,0,0.02565,0,-0.000916527,0,0.000916527
0.0309825,0,0.02565,0,-0.000910882,0,0.000910882
0.0310331,0,0.02565,0,-0.000905238,0,0.000905238
0.0310837,0,0.02565,0,-0.000899593,0,0.000899593
0.0311344,0,0.02565,0,-0.000893706,0,0.000893706
0.031185,0,0.02565,0,-0.000887354,0,0.000887354
0.0312356,0,0.02565,0,-0.000881002,0,0.000881002
0.0312863,0,0.02565,0,-0.00087465,0,0.00087465
0.0313369,0,0.02565,0,-0.000868299,0,0.000868299
0.0313875,0,0.02565,0,-0.000861947,0,0.000861947
0.0314381,0,0.02565,0,-0.000855595,0,0.000855595
0.0314888,0,0.02565,0,-0.000849243,0,0.000849243
0.0315394,0,0.02565,0,-0.000842891,0,0.000842891
0.03159,0,0.02565,0,-0.00083654,0,0.00083654
0.0316406,0,0.02565,0,-0.000830188,0,0.000830188
0.0316912,0,0.02565,0,-0.000823836,0,0.000823836
0.0317419,0,0.02565,0,-0.000817484,0,0.000817484
0.0317925,0,0.02565,0,-0.000811133,0,0.000811133
0.0318431,0,0.02565,0,-0.000804781,0,0.000804781
0.0318937,0,0.02565,0,-0.000798429,0,0.000798429
0.0319444,0,0.02565,0,-0.000791665,0,0.000791665
0.031995,0,0.02565,0,-0.000784606,0,0.000784606
0.0320456,0,0.02565,0,-0.000777547,0,0.000777547
0.0320963,0,0.02565,0,-0.000770488,0,0.000770488
0.0321469,0,0.02565,0,-0.000763429,0,0.000763429
0.0321975,0,0.02565,0,-0.00075637,0,0.00075637
0.0322481,0,0.02565,0,-0.000749311,0,0.000749311
0.0322988,0,0.02565,0,-0.000742252,0,0.000742252
0.0323494,0,0.02565,0,-0.000735193,0,0.000735193
0.0324,0,0.02565,0,-0.000728134,0,0.000728134
0.0324506,0,0.02565,0,-0.000721075,0,0.000721075
0.0325013,0,0.02565,0,-0.000714016,0,0.000714016
0.0325519,0,0.02565,0,-0.000706957,0,0.000706957
0.0326025,0,0.02565,0,-0.000699898,0,0.000699898
0.0326531,0,0.02565,0,-0.000692838,0,0.000692838
0.0327037,0,0.02565,0,-0.00068578,0,0.00068578
0.0327544,0,0.02565,0,-0.000678139,0,0.000678139
0.032805,0,0.02565,0,-0.000670373,0,0.000670373
0.0328556,0,0.02565,0,-0.000662607,0,0.000662607
0.0329062,0,0.02565,0,-0.000654841,0,0.000654841
0.0329569,0,0.02565,0,-0.000647074,0,0.000647074
0.0330075,0,0.02565,0,-0.000639308,0,0.000639308
0.0330581,0,0.02565,0,-0.000631542,0,0.000631542
0.0331087,0,0.02565,0,-0.000623776,0,0.000623776
0.0331594,0,0.02565,0,-0.000616009,0,0.000616009
0.03321,0,0.02565,0,-0.000608243,0,0.000608243
0.0332606,0,0.02565,0,-0.000600477,0,0.000600477
0.0333113,0,0.02565,0,-0.00059271,0,0.00059271
0.0333619,0,0.02565,0,-0.000584944,0,0.000584944
0.0334125,0,0.02565,0,-0.000577178,0,0.000577178
0.0334631,0,0.02565,0,-0.000569412,0,0.000569412
0.0335138,0,0.02565,0,-0.000561602,0,0.000561602
0.0335644,0,0.02565,0,-0.000553128,0,0.000553128
0.033615,0,0.02565,0,-0.000544655,0,0.000544655
0.0336656,0,0.02565,0,-0.000536181,0,0.000536181
0.0337163,0,0.02565,0,-0.000527708,0,0.000527708
0.0337669,0,0.02565,0,-0.000519234,0,0.000519234
0.0338175,0,0.02565,0,-0.000510761,0,0.000510761
0.0338681,0,0.02565,0,-0.000502287,0,0.000502287
0.0339187,0,0.02565,0,-0.000493814,0,0.000493814
0.0339694,0,0.02565,0,-0.00048534,0,0.00048534
0.03402,0,0.02565,0,-0.000476867,0,0.000476867
0.0340706,0,0.02565,0,-0.000468393,0,0.000468393
0.0341212,0,0.02565,0,-0.00045992,0,0.00045992
0.0341719,0,0.02565,0,-0.000451446,0,0.000451446
0.0342225,0,0.02565,0,-0.000442973,0,0.000442973
0.0342731,0,0.02565,0,-0.000434499,0,0.000434499
0.0343238,0,0.02565,0,-0.000425812,0,0.000425812
0.0343744,0,0.02565,0,-0.000416632,0,0.000416632
0.034425,0,0.02565,0,-0.000407451,0,0.000407451
0.0344756,0,0.02565,0,-0.000398271,0,0.000398271
0.0345263,0,0.02565,0,-0.00038909,0,0.00038909
0.0345769,0,0.02565,0,-0.00037991,0,0.00037991
0.0346275,0,0.02565,0,-0.000370729,0,0.000370729
0.0346781,0,0.02565,0,-0.000361549,0,0.000361549
0.0347288,0,0.02565,0,-0.000352368,0,0.000352368
0.0347794,0,0.02565,0,-0.000343187,0,0.000343187
0.03483,0,0.02565,0,-0.000334006,0,0.000334006
0.0348806,0,0.02565,0,-0.000324826,0,0.000324826
0.0349312,0,0.02565,0,-0.000315645,0,0.000315645
0.0349819,0,0.02565,0,-0.000306464,0,0.000306464
0.0350325,0,0.02565,0,-0.000297284,0,0.000297284
0.0350831,0,0.02565,0,-0.000288103,0,0.000288103
0.0351337,0,0.02565,0,-0.00027854,0,0.00027854
0.0351844,0,0.02565,0,-0.000268652,0,0.000268652
0.035235,0,0.02565,0,-0.000258765,0,0.000258765
0.0352856,0,0.02565,0,-0.000248877,0,0.000248877
0.0353362,0,0.02565,0,-0.000238989,0,0.000238989
0.0353869,0,0.02565,0,-0.000229101,0,0.000229101
0.0354375,0,0.02565,0,-0.000219213,0,0.000219213
0.0354881,0,0.02565,0,-0.000209325,0,0.000209325
0.0355388,0,0.02565,0,-0.000199437,0,0.000199437
0.0355894,0,0.02565,0,-0.00018955,0,0.00018955
0.03564,0,0.02565,0,-0.000179661,0,0.000179661
0.0356906,0,0.02565,0,-0.000169774,0,0.000169774
0.0357413,0,0.02565,0,-0.000159886,0,0.000159886
0.0357919,0,0.02565,0,-0.000149998,0,0.000149998
0.0358425,0,0.02565,0,-0.00014011,0,0.00014011
0.0358931,0,0.02565,0,-0.000130222,0,0.000130222
0.0359438,0,0.02565,0,-0.00012171,0,0.00012171
0.0359944,0,0.02565,0,-0.000113585,0,0.000113585
0.036045,0,0.02565,0,-0.000105461,0,0.000105461
0.0360956,0,0.02565,0,-9.73356e-05,0,9.73356e-05
0.0361462,0,0.02565,0,-8.92112e-05,0,8.92112e-05
0.0361969,0,0.02565,0,-8.10863e-05,0,8.10863e-05
0.0362475,0,0.02565,0,-7.29619e-05,0,7.29619e-05
0.0362981,0,0.02565,0,-6.4837e-05,0,6.4837e-05
0.0363487,0,0.02565,0,-5.67126e-05,0,5.67126e-05
0.0363994,0,0.02565,0,-4.85877e-05,0,4.85877e-05
0.03645,0,0.02565,0,-4.04633e-05,0,4.04633e-05
0.0365006,0,0.02565,0,-3.23384e-05,0,3.23384e-05
0.0365512,0,0.02565,0,-2.4214e-05,0,2.4214e-05
0.0366019,0,0.02565,0,-1.60891e-05,0,1.60891e-05
0.0366525,0,0.02565,0,-7.96412e-06,0,7.96412e-06
0.0367031,0,0.02565,0,0,0,0
0.0367538,0,0.02565,0,0,0,0
0.0368044,0,0.02565,0,0,0,0
0.036855,0,0.02565,0,0,0,0
0.0369056,0,0.02565,0,0,0,0
0.0369563,0,0.02565,0,0,0,0
0.0370069,0,0.02565,0,0,0,0
0.0370575,0,0.02565,0,0,0,0
0.0371081,0,0.02565,0,0,0,0
0.0371587,0,0.02565,0,0,0,0
0.0372094,0,0.02565,0,0,0,0
0.03726,0,0.02565,0,0,0,0
0.0373106,0,0.02565,0,0,0,0
0.0373612,0,0.02565,0,0,0,0
0.0374119,0,0.02565,0,0,0,0
0.0374625,0,0.02565,0,0,0,0
0.0375131,0,0.02565,0,0,0,0
0.0375637,0,0.02565,0,0,0,0
0.0376144,0,0.02565,0,0,0,0
0.037665,0,0.02565,0,0,0,0
0.0377156,0,0.02565,0,0,0,0
0.0377663,0,0.02565,0,0,0,0
0.0378169,0,0.02565,0,0,0,0
0.0378675,0,0.02565,0,0,0,0
0.0379181,0,0.02565,0,0,0,0
0.0379688,0,0.02565,0,0,0,0
0.0380194,0,0.02565,0,0,0,0
0.03807,0,0.02565,0,0,0,0
0.0381206,0,0.02565,0,0,0,0
0.0381713,0,0.02565,0,0,0,0
0.0382219,0,0.02565,0,0,0,0
0.0382725,0,0.02565,0,0,0,0
0.0383231,0,0.02565,0,0,0,0
0.0383737,0,0.02565,0,0,0,0
0.0384244,0,0.02565,0,0,0,0
0.038475,0,0.02565,0,0,0,0
0.0385256,0,0.02565,0,0,0,0
0.0385762,0,0.02565,0,0,0,0
0.0386269,0,0.02565,0,0,0,0
0.0386775,0,0.02565,0,0,0,0
0.0387281,0,0.02565,0,0,0,0
0.0387787,0,0.02565,0,0,0,0
0.0388294,0,0.02565,0,0,0,0
0.03888,0,0.02565,0,0,0,0
0.0389306,0,0.02565,0,0,0,0
0.0389813,0,0.02565,0,0,0,0
0.0390319,0,0.02565,0,0,0,0
0.0390825,0,0.02565,0,0,0,0
0.0391331,0,0.02565,0,0,0,0
0.0391838,0,0.02565,0,0,0,0
0.0392344,0,0.02565,0,0,0,0
0.039285,0,0.02565,0,0,0,0
0.0393356,0,0.02565,0,0,0,0
0.0393863,0,0.02565,0,0,0,0
0.0394369,0,0.02565,0,0,0,0
0.0394875,0,0.02565,0,0,0,0
0.0395381,0,0.02565,0,0,0,0
0.0395887,0,0.02565,0,0,0,0
0.0396394,0,0.02565,0,0,0,0
0.03969,0,0.02565,0,0,0,0
0.0397406,0,0.02565,0,0,0,0
0.0397912,0,0.02565,0,0,0,0
0.0398419,0,0.02565,0,0,0,0
0.0398925,0,0.02565,0,0,0,0
0.0399431,0,0.02565,0,0,0,0
0.0399938,0,0.02565,0,0,0,0
0.0400444,0,0.02565,0,0,0,0
0.040095,0,0.02565,0,0,0,0
0.0401456,0,0.02565,0,0,0,0
0.0401963,0,0.02565,0,0,0,0
0.0402469,0,0.02565,0,0,0,0
0.0402975,0,0.02565,0,0,0,0
0.0403481,0,0.02565,0,0,0,0
0.0403988,0,0.02565,0,0,0,0
0.0404494,0,0.02565,0,0,0,0
0.0405,0,0.02565,0,0,0,0
0.0405506,0,0.02565,0,0,0,0
0.0406012,0,0.02565,0,0,0,0
0.0406519,0,0.02565,0,0,0,0
0.0407025,0,0.02565,0,0,0,0
0.0407531,0,0.02565,0,0,0,0
0.0408037,0,0.02565,0,0,0,0
0.0408544,0,0.02565,0,0,0,0
0.040905,0,0.02565,0,0,0,0
0.0409556,0,0.02565,0,0,0,0
0.0410062,0,0.02565,0,0,0,0
0.0410569,0,0.02565,0,0,0,0
0.0411075,0,0.02565,0,0,0,0
0.0411581,0,0.02565,0,0,0,0
0.0412088,0,0.02565,0,0,0,0
0.0412594,0,0.02565,0,0,0,0
0.04131,0,0.02565,0,0,0,0
0.0413606,0,0.02565,0,0,0,0
0.0414113,0,0.02565,0,0,0,0
0.0414619,0,0.02565,0,0,0,0
0.0415125,0,0.02565,0,0,0,0
0.0415631,0,0.02565,0,0,0,0
0.0416138,0,0.02565,0,0,0,0
0.0416644,0,0.02565,0,0,0,0
0.041715,0,0.02565,0,0,0,0
0.0417656,0,0.02565,0,0,0,0
0.0418162,0,0.02565,0,0,0,0
0.0418669,0,0.02565,0,0,0,0
0.0419175,0,0.02565,0,0,0,0
0.0419681,0,0.02565,0,0,0,0
0.0420187,0,0.02565,0,0,0,0
0.0420694,0,0.02565,0,0,0,0
0.04212,0,0.02565,0,0,0,0
0.0421706,0,0.02565,0,0,0,0
0.0422213,0,0.02565,0,0,0,0
0.0422719,0,0.02565,0,0,0,0
0.0423225,0,0.02565,0,0,0,0
0.0423731,0,0.02565,0,0,0,0
0.0424238,0,0.02565,0,0,0,0
0.0424744,0,0.02565,0,0,0,0
0.042525,0,0.02565,0,0,0,0
0.0425756,0,0.02565,0,0,0,0
0.0426263,0,0.02565,0,0,0,0
0.0426769,0,0.02565,0,0,0,0
0.0427275,0,0.02565,0,0,0,0
0.0427781,0,0.02565,0,0,0,0
0.0428287,0,0.02565,0,0,0,0
0.0428794,0,0.02565,0,0,0,0
0.04293,0,0.02565,0,0,0,0
0.0429806,0,0.02565,0,0,0,0
0.0430312,0,0.02565,0,0,0,0
0.0430819,0,0.02565,0,0,0,0
0.0431325,0,0.02565,0,0,0,0
0.0431831,0,0.02565,0,0,0,0
0.0432337,0,0.02565,0,0,0,0
0.0432844,0,0.02565,0,0,0,0
0.043335,0,0.02565,0,0,0,0
0.0433856,0,0.02565,0,0,0,0
0.0434363,0,0.02565,0,0,0,0
0.0434869,0,0.02565,0,0,0,0
0.0435375,0,0.02565,0,0,0,0
0.0435881,0,0.02565,0,0,0,0
0.0436388,0,0.02565,0,0,0,0
0.0436894,0,0.02565,0,0,0,0
0.04374,0,0.02565,0,0,0,0
0.0437906,0,0.02565,0,0,0,0
0.0438413,0,0.02565,0,0,0,0
0.0438919,0,0.02565,0,0,0,0
0.0439425,0,0.02565,0,0,0,0
0.0439931,0,0.02565,0,0,0,0
0.0440437,0,0.02565,0,0,0,0
0.0440944,0,0.02565,0,0,0,0
0.044145,0,0.02565,0,0,0,0
0.0441956,0,0.02565,0,0,0,0
0.0442462,0,0.02565,0,0,0,0
0.0442969,0,0.02565,0,0,0,0
0.0443475,0,0.02565,0,0,0,0
0.0443981,0,0.02565,0,0,0,0
0.0444488,0,0.02565,0,0,0,0
0.0444994,0,0.02565,0,0,0,0
0.04455,0,0.02565,0,0,0,0
0.0446006,0,0.02565,0,0,0,0
0.0446513,0,0.02565,0,0,0,0
0.0447019,0,0.02565,0,0,0,0
0.0447525,0,0.02565,0,0,0,0
0.0448031,0,0.02565,0,0,0,0
0.0448538,0,0.02565,0,0,0,0
0.0449044,0,0.02565,0,0,0,0
0.044955,0,0.02565,0,0,0,0
0.0450056,0,0.02565,0,0,0,0
0.0450562,0,0.02565,0,0,0,0
0.0451069,0,0.02565,0,0,0,0
0.0451575,0,0.02565,0,0,0,0
0.0452081,0,0.02565,0,0,0,0
0.0452587,0,0.02565,0,0,0,0
0.0453094,0,0.02565,0,0,0,0
0.04536,0,0.02565,0,0,0,0
0.0454106,0,0.02565,0,0,0,0
0.0454612,0,0.02565,0,0,0,0
0.0455119,0,0.02565,0,0,0,0
0.0455625,0,0.02565,0,0,0,0
0.0456131,0,0.02565,0,0,0,0
0.0456638,0,0.02565,0,0,0,0
0.0457144,0,0.02565,0,0,0,0
0.045765,0,0.02565,0,0,0,0
0.0458156,0,0.02565,0,0,0,0
0.0458663,0,0.02565,0,0,0,0
0.0459169,0,0.02565,0,0,0,0
0.0459675,0,0.02565,0,0,0,0
0.0460181,0,0.02565,0,0,0,0
0.0460688,0,0.02565,0,0,0,0
0.0461194,0,0.02565,0,0,0,0
0.04617,0,0.02565,0,0,0,0
0.0462206,0,0.02565,0,0,0,0
0.0462712,0,0.02565,0,0,0,0
0.0463219,0,0.02565,0,0,0,0
0.0463725,0,0.02565,0,0,0,0
0.0464231,0,0.02565,0,0,0,0
0.0464737,0,0.02565,0,0,0,0
0.0465244,0,0.02565,0,0,0,0
0.046575,0,0.02565,0,0,0,0
0.0466256,0,0.02565,0,0,0,0
0.0466762,0,0.02565,0,0,0,0
0.0467269,0,0.02565,0,0,0,0
0.0467775,0,0.02565,0,0,0,0
0.0468281,0,0.02565,0,0,0,0
0.0468788,0,0.02565,0,0,0,0
0.0469294,0,0.02565,0,0,0,0
0.04698,0,0.02565,0,0,0,0
0.0470306,0,0.02565,0,0,0,0
0.0470813,0,0.02565,0,0,0,0
0.0471319,0,0.02565,0,0,0,0
0.0471825,0,0.02565,0,0,0,0
0.0472331,0,0.02565,0,0,0,0
0.0472838,0,0.02565,0,0,0,0
0.0473344,0,0.02565,0,0,0,0
0.047385,0,0.02565,0,0,0,0
0.0474356,0,0.02565,0,0,0,0
0.0474862,0,0.02565,0,0,0,0
0.0475369,0,0.02565,0,0,0,0
0.0475875,0,0.02565,0,0,0,0
0.0476381,0,0.02565,0,0,0,0
0.0476887,0,0.02565,0,0,0,0
0.0477394,0,0.02565,0,0,0,0
0.04779,0,0.02565,0,0,0,0
0.0478406,0,0.02565,0,0,0,0
0.0478913,0,0.02565,0,0,0,0
0.0479419,0,0.02565,0,0,0,0
0.0479925,0,0.02565,0,0,0,0
0.0480431,0,0.02565,0,0,0,0
0.0480938,0,0.02565,0,0,0,0
0.0481444,0,0.02565,0,0,0,0
0.048195,0,0.02565,0,0,0,0
0.0482456,0,0.02565,0,0,0,0
0.0482963,0,0.02565,0,0,0,0
0.0483469,0,0.02565,0,0,0,0
0.0483975,0,0.02565,0,0,0,0
0.0484481,0,0.02565,0,0,0,0
0.0484987,0,0.02565,0,0,0,0
0.0485494,0,0.02565,0,0,0,0
0.0486,0,0.02565,0,0,0,0
0.0486506,0,0.02565,0,0,0,0
0.0487012,0,0.02565,0,0,0,0
0.0487519,0,0.02565,0,0,0,0
0.0488025,0,0.02565,0,0,0,0
0.0488531,0,0.02565,0,0,0,0
0.0489037,0,0.02565,0,0,0,0
0.0489544,0,0.02565,0,0,0,0
0.049005,0,0.02565,0,0,0,0
0.0490556,0,0.02565,0,0,0,0
0.0491063,0,0.02565,0,0,0,0
0.0491569,0,0.02565,0,0,0,0
0.0492075,0,0.02565,0,0,0,0
0.0492581,0,0.02565,0,0,0,0
0.0493088,0,0.02565,0,0,0,0
0.0493594,0,0.02565,0,0,0,0
0.04941,0,0.02565,0,0,0,0
0.0494606,0,0.02565,0,0,0,0
0.0495113,0,0.02565,0,0,0,0
0.0495619,0,0.02565,0,0,0,0
0.0496125,0,0.02565,0,0,0,0
0.0496631,0,0.02565,0,0,0,0
0.0497137,0,0.02565,0,0,0,0
0.0497644,0,0.02565,0,0,0,0
0.049815,0,0.02565,0,0,0,0
0.0498656,0,0.02565,0,0,0,0
0.0499162,0,0.02565,0,0,0,0
0.0499669,0,0.02565,0,0,0,0
0.0500175,0,0.02565,0,0,0,0
0.0500681,0,0.02565,0,0,0,0
0.0501188,0,0.02565,0,0,0,0
0.0501694,0,0.02565,0,0,0,0
0.05022,0,0.02565,0,0,0,0
0.0502706,0,0.02565,0,0,0,0
0.0503213,0,0.02565,0,0,0,0
0.0503719,0,0.02565,0,0,0,0
0.0504225,0,0.02565,0,0,0,0
0.0504731,0,0.02565,0,0,0,0
0.0505238,0,0.02565,0,0,0,0
0.0505744,0,0.02565,0,0,0,0
0.050625,0,0.02565,0,0,0,0
